BusinessName,LicenseType,ExpiryDate
Tech Innovations Ltd.,Electrical Contractor License,15/12/2024
Tech Innovations Ltd.,Building Practitioner License,01/06/2025
Tech Innovations Ltd.,Plumbing License,25/11/2024
Global Manufacturing Solutions,Electrical Contractor License,20/02/2025
Global Manufacturing Solutions,Building Practitioner License,30/09/2024
Global Manufacturing Solutions,Gas Fitter License,15/03/2025
Green Earth Enterprises,Electrical Contractor License,10/05/2025
Green Earth Enterprises,Building Practitioner License,01/12/2024
Green Earth Enterprises,Plumbing License,05/10/2024
Creative Designs Co.,Electrical Contractor License,10/11/2024
Creative Designs Co.,Building Practitioner License,15/08/2024
Creative Designs Co.,Gas Fitter License,12/01/2025
NextGen Technologies,Electrical Contractor License,01/07/2025
NextGen Technologies,Building Practitioner License,20/07/2024
NextGen Technologies,Plumbing License,01/02/2025
Blue Ocean Industries,Electrical Contractor License,25/03/2025
Blue Ocean Industries,Building Practitioner License,30/11/2024
Blue Ocean Industries,Gas Fitter License,10/05/2025
Smart Solutions Consulting,Electrical Contractor License,01/12/2024
Smart Solutions Consulting,Building Practitioner License,10/03/2025
Smart Solutions Consulting,Plumbing License,20/08/2024
Prime Builders Inc.,Electrical Contractor License,15/06/2024
Prime Builders Inc.,Building Practitioner License,10/04/2025
Prime Builders Inc.,Gas Fitter License,05/07/2025
Future Enterprises Ltd.,Electrical Contractor License,30/09/2024
Future Enterprises Ltd.,Building Practitioner License,15/01/2025
Future Enterprises Ltd.,Plumbing License,25/06/2025
Elite Supplies & Logistics,Electrical Contractor License,10/12/2024
Elite Supplies & Logistics,Building Practitioner License,15/10/2024
Elite Supplies & Logistics,Gas Fitter License,01/04/2025
Urban Growth Partners,Electrical Contractor License,01/11/2024
Urban Growth Partners,Building Practitioner License,01/07/2025
Urban Growth Partners,Plumbing License,10/09/2024
Innovative Minds Solutions,Electrical Contractor License,10/05/2025
Innovative Minds Solutions,Building Practitioner License,20/12/2024
Innovative Minds Solutions,Plumbing License,15/10/2024
Global Ventures Inc.,Electrical Contractor License,05/04/2025
Global Ventures Inc.,Building Practitioner License,10/02/2025
Global Ventures Inc.,Gas Fitter License,30/07/2024
Reliable Resources Group,Electrical Contractor License,20/03/2025
Reliable Resources Group,Building Practitioner License,05/11/2024
Reliable Resources Group,Plumbing License,25/12/2024
Pinnacle Technologies,Electrical Contractor License,01/01/2025
Pinnacle Technologies,Building Practitioner License,10/09/2024
Pinnacle Technologies,Gas Fitter License,15/04/2025
