BusinessName, LicenseType, ExpiryDate
Tech Innovations Ltd., Electrical Contractor License, 2024-12-15
Tech Innovations Ltd., Building Practitioner License, 2025-06-01
Tech Innovations Ltd., Plumbing License, 2024-11-25
Global Manufacturing Solutions, Electrical Contractor License, 2025-02-20
Global Manufacturing Solutions, Building Practitioner License, 2024-09-30
Global Manufacturing Solutions, Gas Fitter License, 2025-03-15
Green Earth Enterprises, Electrical Contractor License, 2025-05-10
Green Earth Enterprises, Building Practitioner License, 2024-12-01
Green Earth Enterprises, Plumbing License, 2024-10-05
Creative Designs Co., Electrical Contractor License, 2024-11-10
Creative Designs Co., Building Practitioner License, 2024-08-15
Creative Designs Co., Gas Fitter License, 2025-01-12
NextGen Technologies, Electrical Contractor License, 2025-07-01
NextGen Technologies, Building Practitioner License, 2024-07-20
NextGen Technologies, Plumbing License, 2025-02-01
Blue Ocean Industries, Electrical Contractor License, 2025-03-25
Blue Ocean Industries, Building Practitioner License, 2024-11-30
Blue Ocean Industries, Gas Fitter License, 2025-05-10
Smart Solutions Consulting, Electrical Contractor License, 2024-12-01
Smart Solutions Consulting, Building Practitioner License, 2025-03-10
Smart Solutions Consulting, Plumbing License, 2024-08-20
Prime Builders Inc., Electrical Contractor License, 2024-06-15
Prime Builders Inc., Building Practitioner License, 2025-04-10
Prime Builders Inc., Gas Fitter License, 2025-07-05
Future Enterprises Ltd., Electrical Contractor License, 2024-09-30
Future Enterprises Ltd., Building Practitioner License, 2025-01-15
Future Enterprises Ltd., Plumbing License, 2025-06-25
Elite Supplies & Logistics, Electrical Contractor License, 2024-12-10
Elite Supplies & Logistics, Building Practitioner License, 2024-10-15
Elite Supplies & Logistics, Gas Fitter License, 2025-04-01
Urban Growth Partners, Electrical Contractor License, 2024-11-01
Urban Growth Partners, Building Practitioner License, 2025-07-01
Urban Growth Partners, Plumbing License, 2024-09-10
Innovative Minds Solutions, Electrical Contractor License, 2025-05-10
Innovative Minds Solutions, Building Practitioner License, 2024-12-20
Innovative Minds Solutions, Plumbing License, 2024-10-15
Global Ventures Inc., Electrical Contractor License, 2025-04-05
Global Ventures Inc., Building Practitioner License, 2025-02-10
Global Ventures Inc., Gas Fitter License, 2024-07-30
Reliable Resources Group, Electrical Contractor License, 2025-03-20
Reliable Resources Group, Building Practitioner License, 2024-11-05
Reliable Resources Group, Plumbing License, 2024-12-25
Pinnacle Technologies, Electrical Contractor License, 2025-01-01
Pinnacle Technologies, Building Practitioner License, 2024-09-10
Pinnacle Technologies, Gas Fitter License, 2025-04-15
